genreCat,year,revenue
Action,1988,11806119
Action,1993,4483371
Action,1994,170362582
Action,2001,54744738
Action,2003,98185582
Action,2003,58795814
Action,2004,46546197
Action,2005,76932943
Action,2006,23321954
Action,2008,85416905
Action,2009,87784194
Action,2010,136000000
Action,2012,15608545
Action,2015,1506249360
Action,2015,311256926
Action,2016,46069568
Action,2016,14708696
Adventure,1990,157920733
Adventure,1991,390493908
Adventure,1994,305070
Adventure,1995,31596911
Adventure,1996,75000000
Adventure,2002,51842679
Adventure,2003,212011111
Adventure,2008,38105395
Adventure,2012,301000000
Animation,2015,246233113
Comedy,1933,2200000
Comedy,1969,27000000
Comedy,1971,11833696
Comedy,1972,18016290
Comedy,1975,41833347
Comedy,1978,141000000
Comedy,1980,123299883
Comedy,1981,159698658
Comedy,1982,96794517
Comedy,1983,91646141
Comedy,1988,216614388
Comedy,1989,49797148
Comedy,1990,201957688
Comedy,1992,107458785
Comedy,1993,154864401
Comedy,1994,254777278
Comedy,1995,28215918
Comedy,1996,187568472
Comedy,1997,438850122
Comedy,1998,216368590
Comedy,1999,168282284
Comedy,2000,24362772
Comedy,2000,13700000
Comedy,2000,90449929
Comedy,2000,73180723
Comedy,2000,59827328
Comedy,2000,113916474
Comedy,2000,149270999
Comedy,2000,37036004
Comedy,2001,66468332
Comedy,2001,33788161
Comedy,2001,60780981
Comedy,2001,94728529
Comedy,2001,141774679
Comedy,2001,31155435
Comedy,2001,10013424
Comedy,2001,141220678
Comedy,2001,14782676
Comedy,2002,33526835
Comedy,2002,19184015
Comedy,2002,4245870
Comedy,2002,8586376
Comedy,2003,220673217
Comedy,2003,190212113
Comedy,2003,33828318
Comedy,2003,39267515
Comedy,2003,132675402
Comedy,2003,1675706
Comedy,2003,87055349
Comedy,2003,110230332
Comedy,2003,124914842
Comedy,2003,101564935
Comedy,2004,28818995
Comedy,2004,113086475
Comedy,2004,14000000
Comedy,2004,11341016
Comedy,2004,167722310
Comedy,2004,29331068
Comedy,2004,20796847
Comedy,2004,90574188
Comedy,2004,51
Comedy,2004,13395939
Comedy,2004,129042871
Comedy,2004,70067909
Comedy,2004,30411183
Comedy,2004,55041367
Comedy,2004,46118097
Comedy,2005,42886719
Comedy,2005,202026112
Comedy,2005,18637690
Comedy,2005,93772522
Comedy,2005,129181830
Comedy,2005,22400154
Comedy,2006,6538177
Comedy,2006,162966177
Comedy,2006,88715192
Comedy,2006,26888376
Comedy,2006,178262620
Comedy,2006,19179969
Comedy,2006,261572744
Comedy,2006,48548426
Comedy,2007,121463226
Comedy,2007,13620075
Comedy,2007,92601050
Comedy,2007,69307224
Comedy,2007,69485490
Comedy,2007,22179430
Comedy,2008,69497
Comedy,2008,6230276
Comedy,2008,63833449
Comedy,2008,225990978
Comedy,2008,53191886
Comedy,2008,42105111
Comedy,2008,33472850
Comedy,2008,128107642
Comedy,2008,92380927
Comedy,2008,84646831
Comedy,2008,6575282
Comedy,2009,91636986
Comedy,2009,136267476
Comedy,2009,9069
Comedy,2009,17164377
Comedy,2009,114663461
Comedy,2009,459270619
Comedy,2009,85280250
Comedy,2009,6405245
Comedy,2009,10848783
Comedy,2009,40105542
Comedy,2009,29010817
Comedy,2010,74952305
Comedy,2010,86387857
Comedy,2010,237382724
Comedy,2010,563706
Comedy,2010,271430189
Comedy,2010,453079
Comedy,2010,152263880
Comedy,2010,39340177
Comedy,2010,21409028
Comedy,2010,90029656
Comedy,2011,30905
Comedy,2011,149673788
Comedy,2011,75450437
Comedy,2011,6861102
Comedy,2011,83160734
Comedy,2011,7448385
Comedy,2011,254455986
Comedy,2011,35387212
Comedy,2011,216197492
Comedy,2011,37710610
Comedy,2011,10130000
Comedy,2011,26121638
Comedy,2011,34942188
Comedy,2012,73100172
Comedy,2012,41863726
Comedy,2012,119772232
Comedy,2012,1243961
Comedy,2012,24159934
Comedy,2012,88058786
Comedy,2012,53909751
Comedy,2012,54819301
Comedy,2012,11417362
Comedy,2012,68267862
Comedy,2012,104907746
Comedy,2012,179379533
Comedy,2012,58058367
Comedy,2012,234989584
Comedy,2013,151831537
Comedy,2013,134402450
Comedy,2013,78378744
Comedy,2013,51164106
Comedy,2013,71625195
Comedy,2013,246984278
Comedy,2013,32438988
Comedy,2013,44000000
Comedy,2013,44907260
Comedy,2013,7800000
Comedy,2013,173649015
Comedy,2013,22456509
Comedy,2013,27437881
Comedy,2013,48065672
Comedy,2013,21819348
Comedy,2014,100525432
Comedy,2014,123494610
Comedy,2014,107670357
Comedy,2014,126069509
Comedy,2014,169837010
Comedy,2014,54837234
Comedy,2014,14348529
Comedy,2014,268157400
Comedy,2014,45000
Comedy,2014,10429707
Comedy,2014,136621271
Comedy,2015,217022588
Comedy,2015,242786137
Comedy,2015,104384188
Comedy,2015,14431253
Comedy,2015,140795793
Comedy,2015,111811453
Comedy,2015,12314651
Comedy,2015,194564672
Comedy,2016,183936074
Comedy,2016,108758521
Comedy,2016,94073028
Comedy,2016,55969000
Comedy,2016,78636257
Documentary,1994,7830611
Documentary,1999,500000
Documentary,2000,21268532
Documentary,2001,20217080
Documentary,2001,2074000
Documentary,2002,35564473
Documentary,2004,10000000
Documentary,2004,119114517
Documentary,2004,3166000
Documentary,2005,1750211
Documentary,2006,25
Documentary,2006,46243000
Documentary,2006,1678874
Documentary,2007,1431623
Documentary,2007,274661
Documentary,2007,24538513
Documentary,2008,7518876
Documentary,2009,17436509
Documentary,2010,103735
Documentary,2010,4074023
Documentary,2010,7871522
Documentary,2011,25000
Documentary,2012,845188
Documentary,2012,444575
Documentary,2012,33400000
Drama,1916,8394751
Drama,1941,6000000
Drama,1945,20132000
Drama,1951,8000000
Drama,1953,36000000
Drama,1956,14400000
Drama,1957,1000000
Drama,1959,12800000
Drama,1960,10400000
Drama,1961,7600000
Drama,1969,44785053
Drama,1975,108981275
Drama,1976,140925024
Drama,1980,23000000
Drama,1982,53977250
Drama,1984,90815558
Drama,1985,274791214
Drama,1986,52293982
Drama,1988,424642157
Drama,1989,273155561
Drama,1992,247892155
Drama,1993,206678440
Drama,1995,414952322
Drama,1996,30206519
Drama,1997,346021464
Drama,1998,115541154
Drama,1999,690627567
Drama,2000,619042
Drama,2000,7060876
Drama,2000,256271286
Drama,2000,80049764
Drama,2000,48814909
Drama,2000,136706683
Drama,2000,325756637
Drama,2001,87713825
Drama,2001,1667192
Drama,2001,416925
Drama,2001,92542418
Drama,2002,41597830
Drama,2002,464000
Drama,2002,52322400
Drama,2002,215000000
Drama,2002,146402
Drama,2003,52277485
Drama,2003,16942795
Drama,2003,7266209
Drama,2003,62852
Drama,2003,173013509
Drama,2003,119723856
Drama,2004,38535221
Drama,2004,611899420
Drama,2004,102000000
Drama,2004,6804016
Drama,2004,216763646
Drama,2004,116766556
Drama,2004,98410061
Drama,2005,13411957
Drama,2005,2019009
Drama,2005,76669806
Drama,2005,27610873
Drama,2005,674918
Drama,2005,712294
Drama,2005,46442528
Drama,2005,25224242
Drama,2005,18618284
Drama,2005,23563727
Drama,2005,13350369
Drama,2005,2025032
Drama,2006,49111202
Drama,2006,10178331
Drama,2006,639000
Drama,2006,43545364
Drama,2006,18948425
Drama,2006,48027970
Drama,2006,20138836
Drama,2006,622806
Drama,2006,11502151
Drama,2006,307077295
Drama,2006,154937680
Drama,2006,1151330
Drama,2006,135330182
Drama,2006,13391174
Drama,2006,10903846
Drama,2006,21170563
Drama,2006,42647449
Drama,2006,4911725
Drama,2006,155721132
Drama,2006,123384128
Drama,2006,21000000
Drama,2007,8159508
Drama,2007,71904
Drama,2007,30226144
Drama,2007,19777647
Drama,2007,92
Drama,2007,2849142
Drama,2007,77208711
Drama,2007,22222308
Drama,2007,73276047
Drama,2007,1185783
Drama,2007,2955039
Drama,2007,66122026
Drama,2008,33456317
Drama,2008,28814580
Drama,2008,2899975
Drama,2008,382174
Drama,2008,49554002
Drama,2008,269958228
Drama,2008,168167691
Drama,2008,32483410
Drama,2008,23311391
Drama,2008,9793496
Drama,2009,47536959
Drama,2009,110197
Drama,2009,31720158
Drama,2009,95714875
Drama,2009,309208309
Drama,2009,2357852
Drama,2009,16633035
Drama,2010,60251371
Drama,2010,93617009
Drama,2010,13831503
Drama,2010,37000000
Drama,2010,15134293
Drama,2010,9479718
Drama,2010,224920315
Drama,2010,382946
Drama,2010,25147786
Drama,2010,48190704
Drama,2010,5129058
Drama,2010,204594016
Drama,2010,771499
Drama,2010,42145
Drama,2011,330048
Drama,2011,2295733
Drama,2011,34522221
Drama,2011,5355847
Drama,2011,1759252
Drama,2011,399611
Drama,2011,46495
Drama,2011,55247881
Drama,2011,110206216
Drama,2011,17693675
Drama,2011,35057696
Drama,2011,75993061
Drama,2011,970816
Drama,2011,5634828
Drama,2011,124272124
Drama,2011,20374201
Drama,2012,28258060
Drama,2012,161772375
Drama,2012,8138788
Drama,2012,16800000
Drama,2012,5310554
Drama,2013,318982
Drama,2013,20275812
Drama,2013,76586316
Drama,2013,4037782
Drama,2013,17385830
Drama,2013,21587700
Drama,2013,95020213
Drama,2013,115922175
Drama,2013,10700000
Drama,2013,2861020
Drama,2013,100129872
Drama,2014,83719388
Drama,2014,28831145
Drama,2014,38307627
Drama,2014,88880821
Drama,2014,67800064
Drama,2014,43884652
Drama,2014,101332962
Drama,2014,30127963
Drama,2014,5000000
Drama,2014,21571189
Drama,2014,28883511
Drama,2014,53086
Drama,2014,78874843
Drama,2014,32251
Drama,2014,52501541
Drama,2014,13092000
Drama,2014,44349000
Drama,2014,2365467
Drama,2014,5284309
Drama,2015,187674
Drama,2015,4842699
Drama,2015,50363790
Drama,2015,36606743
Drama,2015,45710059
Drama,2015,61619773
Drama,2015,173567581
Drama,2016,94061311
Drama,2016,77000000
Drama,2016,15861566
Drama,2016,6490401
Drama,2016,23507567
Fantasy,1981,14110013
Fantasy,1996,115267375
Fantasy,2005,866999
Fantasy,2016,150680864
Fantasy,2016,299370084
History,2007,26527510
Horror,1968,30000000
Horror,1974,30859000
Horror,1980,21378361
Horror,1981,29400000
Horror,1982,122200000
Horror,1984,25504513
Horror,1985,29999213
Horror,1986,8025872
Horror,1987,28564027
Horror,1999,50041732
Horror,2000,53302314
Horror,2000,38574362
Horror,2003,16829545
Horror,2003,114908830
Horror,2005,68766121
Horror,2005,46770602
Horror,2005,152925093
Horror,2005,80578934
Horror,2007,35619521
Horror,2007,62771059
Horror,2009,39421467
Horror,2010,67918658
Horror,2011,205703818
Horror,2012,31081
Horror,2012,142817992
Horror,2012,95000
Horror,2013,97542952
Horror,2013,146497771
Horror,2013,44030246
Horror,2014,103590271
Horror,2014,36433975
Horror,2014,255273813
Horror,2015,187112
Horror,2015,52882018
Horror,2016,320170008
Music,2006,34742066
Music,2013,7972967
Romance,1978,181813770
Romance,2013,97594140
Romance,2013,46000000
Science Fiction,1968,2500000
Science Fiction,1980,27107960
Science Fiction,1986,4884663
Science Fiction,1998,13100000
Science Fiction,2000,60874615
Science Fiction,2000,96085477
Science Fiction,2009,210819611
Science Fiction,2010,66821036
Science Fiction,2010,11212294
Science Fiction,2011,22000
Science Fiction,2014,1500000
Science Fiction,2016,543934787
Thriller,1998,19870567
Thriller,2000,5217498
Thriller,2000,32168970
Thriller,2001,100020092
Thriller,2005,35294470
Thriller,2006,82800000
Thriller,2012,13551174
Thriller,2014,31554855
Thriller,2015,52425855
Thriller,2016,9930095
Thriller,2016,93282604
War,1989,26828365
War,2001,96976270
Western,1946,20400000
Western,1948,9012000
Western,1949,5400000
Western,1952,8000000
Western,1962,8000000
Western,1964,14500000
Western,1966,6000000
Western,1968,14741508
Western,1973,26700000
Western,1992,159157447
Western,2003,68296293
Western,2007,70016220
